sequence,class
CHKKHTVYC,1
GLGILFKGAAKGMSALLLLKCA,1
ALGIIKGEAGKGLTC,1
RKKKPYIIRP,1
NNQEGGVIGNGHR,1
GWAKKVKHGQ,1
IFKIVWAAWIW,1
SKWKKF,1
KKKRKEKRKKIRP,1
CWQIVWSA,1
GFYKPPWPKILF,1
CDFDVVAAC,1
RRTKKFKHCAT,1
CWQHVSRDC,1
GDLRFKGGKGKWGGKPLG,1
ILGVKLKGAAKLDVAVEATIRYF,1
CCHKHWSQC,1
KKKKVVKIPMGRVPGL,1
GLGDFLKHAH,1
RFSKPPCNPSGPV,1
GLP,1
CKQDHWVAC,1
RKRKVPERYSGYHCGD,1
LHKRVVAAKKV,1
FCHDIKKVRP,1
GLPKKLANW,1
RKHKVPEQC,1
GLKKTSKAVIRK,1
CLFKVWVQC,1
IVCKVYHVPAG,1
KKKRNKKRAP,1
RFWKKIKKRSKDWPWFNKLDSW,1
GKWTKFEHCQI,1
GLWHLAKRTVKGMKNMAA,1
GTLVCSKKWLI,1
GKKRKKIIVW,1
KKTRRWKRSFIYIGGLP,1
HKQLVVVAENHLV,1
KKRRKFKRKSIRKCAK,1
GLPIMFKKMAKGGAKK,1
GLWVLKKEAKKGGGG,1
KDKKPIKRKQ,1
KNHAKHQRCRITWEWMAN,1
CDLDVIWAW,1
CLQKLVKAYKA,1
KLKKLAKAY,1
GLIVVAASW,1
GGGTIKPGAGKKLRAGAGEKR,1
FYHIVPSPRAKG,1
CKKKVFADWII,1
GLIVVSKRAASGELKLPRACCVVA,1
AVRDFHHQGF,1
ILIHVVAAYIGGL,1
GLCDQ,1
KTFKLWARKQTYECDWRL,1
KKWEKYYRCIVLNVYKKL,1
SCQEELPIYWEWRIRHCGS,1
RFDFPRYFKY,1
GLPGKKRGAGKIHPKHASGKCKTK,1
RLSKVGKNASNFVQNVFC,1
HFKPPYIDRP,1
GIIHDWKAAAKGL,1
CEQDRVAAC,1
PKKRKWIQRP,1
KLNVQITMISIC,1
RFRRPKIKRP,1
GYTRCKSICK,1
HFKMHAIAI,1
MFKRRKKR,1
GLPIVSAAFAKWLGK,1
CKIRVWIKI,1
CKK,1
KKHEKPIIQYVYHR,1
AIDKNSRFSYG,1
GKFFQKKRQHVVMCHLALY,1
DKHKAKKCCA,1
GMHMKIKKKK,1
RRKISKRRASIAHCGAPSYDR,1
GLFR,1
RKRELWQKVNHHIL,1
GLKHELKALWK,1
CGTEQHATPG,1
GLHHRFKRAVKGLWGKTRMRYV,1
RAKHRKKKRKHWN,1
CRTPYDRPR,1
ACCEAPNQC,1
CKKMPIAIK,1
HKCMCASKC,1
RFHPPKYNRSL,1
GDLIKSEKWFKGW,1
CKCEVWNYCNGSLNDE,1
ILLVVSKQCVTM,1
GWLRRIRRLG,1
GFFRKIKRVKIW,1
GLLGKIKGAWKKLKAQLWLKKPEQN,1
RKGKPKIKRPPKKPRAYKRRR,1
CFRPPWWQP,1
GRGFPKLKRWIRMPCCMI,1
TKAIPGGYC,1
GLPTVSEFTMKGL,1
CFWKQSEAC,1
GLCEIIERCGKGLCSNND,1
RKSALYAND,1
GLGDRLKGAGKGLKW,1
GFRMFISKWK,1
HFKKHASP,1
CPDSQTPYTCGGLWQN,1
IKWKVWPKCVCFV,1
SKKKPWPAEIVP,1
MFDFPSIPKS,1
GLGSIIKGAAKGLSKHASLKCKEK,1
RKKEVWAYC,1
ILGVKGKGAGKILRAHGTQSEK,1
KLKKKRKSYFDL,1
RKGEPQTV,1
LDKRPYIPRY,1
CKQAGGIFG,1
GVLTVSEPC,1
HKQEPYPLRY,1
RKRKVAADG,1
CFCKVVVAS,1
CKKRPSDKRP,1
FCRCHYGICKHH,1
RFYAKFSIR,1
GTPRCIGWVKK,1
KKCAVTERCMVYLTSL,1
KASRPVLRKIVWK,1
WKQRLVKRKKI,1
CRRRPSDQPP,1
KKFKKIKRKFI,1
CKCEVWEAC,1
CCQEHPIPG,1
IKGVKGKAAASIWYA,1
QSGEIKKGGGQSKGH,1
GVRQFSKKCKKW,1
CDKKVVFVSE,1
WLYTVGVYG,1
GDPRPISPC,1
ILYDVPAAVSGLF,1
GLLKLKKGAKKGDWKVLQPISYY,1
KFKRPWIKK,1
FKRPFYYPR,1
CLGHRVWACS,1
KKFIV,1
PKFRRWAKCKFH,1
RFRRKFRRKRIRW,1
CLKDLACA,1
CDRTGSECYLI,1
KFWKKSKKKSI,1
CDKDVWAACIVH,1
KKKRVWKRNKI,1
MGWRKIIGLAIKGVA,1
CDLTGTEPSGQILLCH,1
KKFRKIKRKWIYNKQPG,1
CLGDIAAACKGGV,1
GLRRKIKKVRKR,1
GKCMVGAHC,1
PFKPPKLLRYPR,1
RLKILSKKAFKIAGVARS,1
GLGKVVKYGAGGRCDGAH,1
IKN,1
GLPPVIKLDAK,1
CLFAVTAYTNGGL,1
SVPV,1
RKVELQNFGSGNVQD,1
CLKYKWNYCI,1
GLGHIIGGCKGHLLS,1
SKFREWFQC,1
GKRMVVAACKCW,1
CDLIVSKTCH,1
CKQDVWVAC,1
RPKKLFKDEIC,1
GLWVDVAACIGGLLGLGAP,1
KKSKKVKI,1
AKWMVGAVI,1
RADKKREYC,1
KDKKKKLKKWI,1
FCCEHPSYGCSSL,1
IFYEHQPQG,1
GWGGKIRRGWIGHKCTAEY,1
MFKKKKLPRQ,1
CKDKVPVAS,1
GEFCVVNYPYVMLLLDA,1
CDKTHWSAC,1
FLSILFKAAIGLLGIYHAQ,1
GDL,1
PKKRHWWQI,1
GLCVIVKKAKKGLGIAARPEHV,1
CIFDLSKLCKG,1
IPCKPRVPR,1
CKKKPKKKWQ,1
GLRRRIKKAKKWMLKFA,1
PKRKKRYQKY,1
RFSKPYFD,1
RKQEVRNYGSVLK,1
GLGDVGEGCAKGLWC,1
WLNKLAVAAGGVLGS,1
GIYCI,1
GLFDRIARAKKGLGKGMWPR,1
GVPIVEWHCAKG,1
RLRKSAKHAGK,1
GLIVDAAGAAGGLIEGFAALYVGT,1
FSCEVGNFGSGDLPGDRQAEQEH,1
GFKCCSSTC,1
FGCEKRFGQTMH,1
RKFRKKKRRQI,1
CKREVPAAP,1
CCCDVVSAC,1
GLGDLIKKYKKHL,1
KKKKVACYC,1
KLWKKIRYPM,1
ARRKPQFNPS,1
CRDEHYAAG,1
PKFRPKFTRWPRMVRC,1
GNTRKIQKCKIYMKGLA,1
CLQDAWAAC,1
IKQEHGAY,1
RPDKAAKFS,1
KRRRKIKGKRPIARWIAG,1
KKRKPKKKKKLR,1
CLQWRIVDEV,1
ILFDVWAAYKGLL,1
RLSKLLKGGFGFFFN,1
AKNEAPEACMGVAELL,1
GLGSIMFVAAGGLWG,1
GLIAVAAFQNGGL,1
CDQEVAAFE,1
CKDKVPAAYSFHV,1
CEDTHTAPC,1
CKKPPQSICP,1
CFRPHDPQIY,1
RKRMKQKKKPLRWVRI,1
CLCAHAEAS,1
TLDTKFKNTQGGPWVN,1
KLFCVIAAKISRN,1
RKDRKTEHCY,1
KFRRKIRKKKIR,1
SLDTWRKRWRKVP,1
GLFRKIKKKKIR,1
HLWAVWAQY,1
GLFDK,1
CDFLVVAAC,1
ALDSQVAAISGLL,1
KKKKPYYPC,1
RFTKGFKRRRL,1
CDKRFVSKRP,1
DKLGVWPPYV,1
CIFKVWWQC,1
CLFKVVVA,1
GRLMFKYPWY,1
GLWVVLKAAAKGG,1
CELMHVWICLL,1
CLQDAVAACAVGLLG,1
KKKKPAKLEKGLI,1
FLFYKLKLGAGL,1
HKRMHQWQIVLRM,1
KKVRKPAAG,1
RVRKPFKNSRC,1
CDKKVWIIC,1
FLII,1
ACRMWWCV,1
GLLVLLKEYKKGEGGLA,1
RKHKKFLRGRGCWCGVKKYR,1
HFCKHRWQC,1
GHLVRIKRC,1
GITVCSGKAKSG,1
KLVKLWAAY,1
GLFRLIKKAKAGIKKPA,1
TDKPPKILKY,1
KKKLLAKVTKG,1
RKCIQFKRAH,1
GLGKLLKGAGKKDWEVKKQLMKRV,1
KFKKPKLKKPIRHPRKVIMN,1
CRRRPISQII,1
HFWDHPWLI,1
GLIDVWAACKSLL,1
FLKLLAKAYQGLIGS,1
RKSFPYFNISP,1
CDKDEWVAG,1
GNFCAIAASKMYE,1
GKKKKKKKKKLKAPK,1
KLGVLSKRAKKYDKEAMGAA,1
CCQHVWAACIFHV,1
GLSKKLKKKGKFARISRG,1
RFRRPFIQKI,1
CPCEVPSAPS,1
KFWKKAYKC,1
GLPDVAAAI,1
GLHFKYKRKPWK,1
KLKRKYKKKP,1
GKPPVVEPP,1
GLCSVGQHYMKGLHD,1
GLGDSWIGLKFM,1
FFWRFFKKRVK,1
GLCVVWKACIGG,1
IKFKVWACYQGGVR,1
NKFEKQEAING,1
GLLCRIKGVWKGLCKKA,1
GFRRFIKKK,1
ILYKQGAAYIGFLQDLFAA,1
RKKKVFKASSKYSTVNRQA,1
GGQKMEKKAKGGELEGFGAR,1
IKKKKKKNKI,1
SDQTIPIACLG,1
GLFKLLAAIKSLMKI,1
GLDTVSENWA,1
CWQD,1
GDCAHMAECGKYLLWDG,1
GKTIFFKKCI,1
CLDDVVAYY,1
SGGI,1
CKQRLVAAGNGLLRL,1
RWRRFKRKRP,1
CKVKPRVDEIAYI,1
CDKDVWNAC,1
MFRRPFRKIP,1
KLFVVKKR,1
RIYKKFKNVRGFDRK,1
WTGLLIKASK,1
GFRCKILKKKIRN,1
CLKLFWRPFS,1
YLQEALKYYVGGLKIN,1
IKCKVPSICSGLV,1
HFWAVVWWW,1
RKKPPKRIRW,1
LDKLVVAPFY,1
GLGVLLKGAKKKGKILRGYWY,1
IDYIFPWPGS,1
KKWMCSARKIWM,1
GLIPPKKKRMWGGKCF,1
GLPIRLKICKKG,1
KKKKPYKNR,1
GLWSLIKKTV,1
GLKVIKKKAK,1
KLKKPFKAKI,1
RRKPPKRPRP,1
YTDTVVRGGSVGWRG,1
ILIKLFKVYNGGLTDDGGAR,1
CCQDAAAAC,1
RKRFPFSKRSNAHPVF,1
KKFVVGEHRS,1
GILPGGITCM,1
ILDDIAKAC,1
RIDTLSKRAFKGK,1
CWGHCIAAC,1
RFWKKFKLRSN,1
CKFHRKKAYKHGR,1
WLSAVWADPFD,1
GLRVRIKRLKK,1
CKFRVSATKYVMP,1
CGQT,1
KKTHVSRRCWIGHCGLR,1
ALDALLVF,1
KMFRPKKKWVHHKKRK,1
KVRILSKKWKICE,1
ILIIQGNYY,1
RLYKKPEDRSGYLWPC,1
HPQEVAAAE,1
RFWPPKKKRVL,1
RKHAKGENGS,1
GLGIRVAYDGKYLGSEG,1
CPDYTTVFD,1
KKGIRIQRCKNAWKFYA,1
CKKMHHSAC,1
GDCDVWAACKV,1
RLGSVSGHAAKGDKG,1
KKAKKGKGARVFLRGKETMY,1
PKKRPKIIRPPR,1
SACDLAKAGKGCN,1
GLLDVGRGGA,1
G,1
GLPIFIWPWV,1
GLLNVWVQCLVYL,1
ILCEHGVHC,1
CLFTVTVWPICH,1
CFLPPKPKRM,1
SWFKKSK,1
HCISAAVVCKHC,1
GLEEKLQKLGKRYCWSAADA,1
RIWKLSAANIGPVLDLRHWR,1
GHPDFLHGRH,1
CLLVQAKCEK,1
GTCKPTPACSVWSRD,1
GLVFKGKGQWKIMIIHLTR,1
GLGHLIKGAAKGTIK,1
RFKKPSRRRP,1
IDGFNV,1
GLPMYIG,1
CVCDVAAAYIGGL,1
GLKDHVAAC,1
FLCAGAPCYMGGL,1
GDI,1
FKCIPPFPP,1
RKKRKKKLRKPRK,1
CECDVHVAC,1
GIFRRIKRCKIR,1
IVKPPKRRRPRPWRPIAYTSMKVT,1
CPQHVVVIGNFGR,1
RLRKRFRKAVKGYIAHLLML,1
GLGHLIKAGFIYL,1
SNHTELADTTGLVSPCDLY,1
IDKDFDKPKP,1
CKKKVYAAC,1
CLGDVSVYTKMY,1
HHKPPRLCK,1
CPDEVRAADTGYRWLN,1
RFRE,1
CKKPPWILK,1
TLDTLSVAYQGGLLVAGHWTRARDG,1
HAT,1
PGKRPKRGKPERKCKMY,1
G,1
CFLSVI,1
RRKPPKRRRF,1
LFPVPLKKWACR,1
HFWRPIDTKP,1
RVHKKVKKAAKIWHKHLKVSEGACPR,1
DFKPPKKPRS,1
KFKKKRKRRRKRKQKLRYKRAW,1
CKKKPTFDKN,1
SGCVRWTYC,1
GKFARAAAYVGSL,1
RKRIPFINRP,1
WKQFHQEPR,1
CKFAVWEYCNVG,1
IKYEKPPQVVVPGV,1
FLPHILKAAAKGLS,1
GLLDRIKIC,1
GLFDVGAKCHGGI,1
GELRPMRKLCKRLKWHMKTK,1
KKHKKAKRVFGYIPFCVL,1
RRRRPKSQCK,1
RKSKKFKAASVVPPFIVLMS,1
PKKRPKDACKSVEV,1
GLKRCIKKAKKYWKKPAYLREK,1
CVDYVVRACLGGLRFN,1
KKFK,1
KTFVPKKIARARGRKG,1
RLITKLYHRLNFMPPQDLYV,1
CLQTVWAAC,1
HDKKRFKKK,1
ILYAIVKAAAGSLA,1
PDHRPKSIRP,1
GLPHAIKVCKKHL,1
GLLCVVKAVGKIRGKGHAA,1
G,1
LFKMWFYAWY,1
RKHPKRYHRVPEWVAQVDDYWRLKGR,1
RSHTRDRHASKDHIDHRKLERKR,1
PGIRHQITCP,1
GLFWKMAYGYVRMKWRAA,1
CKRCVHKKKM,1
LRKKPSYAKRWTWR,1
GLTDLVAAVAGGI,1
GLQHVWKAYKGYL,1
FLAIQGGFWNVGLLQ,1
GLGDCIKGAGKKNKKGML,1
RKRRKW,1
KKFKPKKKRVIGMKCKL,1
GLPSIIGGLAKGGACHL,1
GLGHIIKGAVKHLKI,1
KKKRKRIRKRPRK,1
GLFIRWKAQKKHLGG,1
GLFVVFKAAAKGGKGLFHARY,1
CIQTVWAAC,1
CDKPVRVPR,1
GLIHLIGGAKKGMTI,1
KKQEQLKAWIHLKEGK,1
CKDKPWIDCRG,1
CDPTPQIAC,1
RRRRPKIRRP,1
CKYAVYAAC,1
CDLRRISKCK,1
FLDIALKTPVKSM,1
RKRPPRYQKS,1
GLPDKLLKMA,1
GKFKKIKRKRIHKCKL,1
YLAQVVAAC,1
SPFEVSAYAVVYLWD,1
TKFNKVIMGAGRLRL,1
RTRHLKKRAGKADPIAMRLYEKK,1
GLPDVAKVCAKGM,1
CKQKVTVIE,1
CKCKVTAFC,1
GGPSGDLGKLKRHICKLESK,1
KLKRKKKKKKIRWKALAN,1
CFRMHPFQC,1
RKKAKQFNK,1
REGTVRENE,1
CFQDHVIA,1
KKKRPQIKKYL,1
PKRRPWDIC,1
KKRRPKKKRK,1
GLQIVLVAWK,1
GLQDVAKNEAGGI,1
GLGCKIKRAWKAWKWAARLDCKTA,1
KKKHKIAIKWIRKCAYR,1
CFRKVAKKCV,1
RRGPFSSQRS,1
PKGEV,1
CLQDVVAAC,1
RKFRPMPICPVRHRVLGG,1
WLYAVYAAGIGC,1
CTKGPSSP,1
CFRPKIKKK,1
KKFRVICICPV,1
RRKPPKYNRPP,1
CDWDVWWLC,1
LFKPKKKKKK,1
CFCLHWWQG,1
CKRRRWIRK,1
GLTIIIKVALK,1
RVLPGVKRRRI,1
KKWMPKKKHSHRKCAK,1
CVL,1
GKKVVVKKCKVR,1
ARKEWLFRGDVAHFGADS,1
RKKKVFPAY,1
PFKPHTIPK,1
CCIEAPAAC,1
KDKRPKLILP,1
PRLMPKIPRP,1
RFWRHAIPK,1
RFKKKRRLRSKDWPPAYKSNAPH,1
RFRLKFKRKI,1
QKFTPKEIRPPYLRRCDT,1
GLGRKFKKGAKFGKKVKGTSAGTYA,1
RKRMHDFHCE,1
LKKDHAWKKK,1
GLPGLIKANGKTLKK,1
RLRLACVVKYGYV,1
KRRKKFPRRWIFWKWVAYRR,1
GWGMCKLTLLKQMICWA,1
GLIDALAVCAGGLW,1
LLKLVWSRKKK,1
FPQTLQVVGV,1
CDCEVVSAC,1
CLIDVAVACKGGL,1
CKHRHQFIC,1
CLGDRVAAT,1
RKKFPYYHRPPVPRH,1
CKKPPYIDPI,1
AKLGKCIRRQ,1
GHTIRSKCYWSGGRGLSH,1
FKKRVKKKKKHRK,1
KKFRLIARCEIAEKGLMG,1
PKRRPFRIKR,1
GFKDPIKKRK,1
QPWTIGEVCNGSL,1
KKRRKYMQCY,1
GDPIIKSIRGKAAPCC,1
CLPDVVAAY,1
RKGEVPEHGSGNL,1
HFFLFIWKKFC,1
FLDTQAAFVSKYVFGDLLPR,1
CEHDKITKCL,1
CKDTPSVACSVYE,1
IIDTPSPPR,1
CDLHVWAQC,1
CDLKPSVIV,1
GLWKKFKNKVKGMRAVKAMSFP,1
GLGGKLKGTVKKVT,1
GLTCCEKGAHKGMGGQASLRSFKRN,1
LLRRFLKKRK,1
CDQRPVIPKY,1
GLWSSL,1
CGGE,1
LRRRYILRKKIT,1
GRKRFKGKRWIWGCAKIG,1
PKDPKYIPKT,1
RKKKPFCAPRVTFQHS,1
GLLCVEKKKAKPMKKHAELFC,1
CKFHLWRICKVHKLLHR,1
GGGGKRIKGA,1
CDKRPVIICY,1
CDVRFWIPC,1
CLRLLVRRY,1
HRRRPWAKC,1
CFGRFDLGKK,1
HFKKHFVQC,1
GKCTCQEICCYRHCCCN,1
HKGPFPIPI,1
LFKLHFLAKII,1
GLIVINKKVKKSLTKARD,1
KFKRPKILKR,1
GWLGEKRKLGKWWKCWIR,1
IKRRKYKRKI,1
CKFTRWARG,1
CAQDVWAAC,1
GVLRPWVCRKWPI,1
QKDTKYPNIRPYP,1
CKKRVVIIC,1
PFRRHICKKK,1
RKKEVRCAYSGLIQ,1
WPQTLQAAPMGCP,1
HDRRKKIKRPLR,1
MRRGKFYLIRNWHV,1
RLFKRWKAGQGV,1
RFWSGVICRPLRHIAHLL,1
FLSKKAINK,1
GLFALVKESFGGL,1
CKFLPWTKCP,1
CLQKLAVAC,1
GLWALWAKWIWM,1
WLQWLAKVWKAHI,1
CPDTPTAAP,1
KKDEKYLLKRVYAPRIYL,1
RKQKKIEYEWI,1
GLPSRLKGAGKGLKN,1
RERMHQINIY,1
PKKKPREIRSP,1
YFQMHQFL,1
CLVDAALAMN,1
GWATKFEGAWKGWCWHRKMRAVT,1
KKRRPFSRGPIRHCAYAD,1
WFKEVWADP,1
CDKTMDLHGQ,1
KKFRKYYKKI,1
GIFVKVKRAAFRRKGLRH,1
GLQDFPVFGKFG,1
CPCTLAVAY,1
GNIKLVQKGGVILTDGML,1
CEQRHWVPC,1
GLGGCKKKRKKK,1
GLLICSGKWVWGM,1
GWLMIIKKFL,1
GLFVLIKKSA,1
ILGKKGKIVFGLK,1
GL,1
CFKRPWLQK,1
HKRPPRIPK,1
CLIDLWAACKVHV,1
WLCEAAAAC,1
FCLEGPEIC,1
TKGVRFTKCK,1
GLRSFLWKKAWK,1
RACHAAKDG,1
TSPIHISTCMT,1
WHFKKWKCY,1
GHCVVSARCKI,1
KKKKPWVAG,1
FKKWLQIYRP,1
RKKFWWAAWYV,1
GLIKVWAKCK,1
GLGHLLKAAGGGLLGNAKIR,1
CCQHVGAAC,1
DKKRKWLKK,1
GLTKKFKRARKIKKGAALLREKVRR,1
HDRRHYPLRP,1
GKPVKVKRKAIGCRK,1
GKRRFISKCK,1
GIGVCKKGAKKWWGKGAGGW,1
GLACRWAAKIVVLGWMGG,1
HFWKVWAAC,1
RKKKLWKRCKIY,1
CVDKVEAFE,1
GFHKKFKRARIGKVWFAKLRALVR,1
CDKDVWEAC,1
PKRRKKKKKPIR,1
HFKRKILIK,1
GWRRKDDKK,1
CDYDVVAAC,1
CFRKPQMKR,1
IFFKKWEAY,1
CLQVVWTECI,1
GKTEVIRTAPVRHIYWAK,1
GLLDLIKKCKKGGLKMA,1
GWRSGKKKRQKRWACFLSGS,1
GRLKKFRGAGKIRTC,1
RKWKKKKGRSRFHRAK,1
PDHRPKIIRP,1
GARRKGSTCKS,1
ILHTTPLLLGRKV,1
CVWDVSEAC,1
KKKRLWKRKK,1
IKWKVSSPY,1
GFRFKIKRKRIRKP,1
HHDKKVVQG,1
GHTRRIKRVRKVWKGAAGTREPA,1
RRRDKGWQK,1
HKKRFWTKKKW,1
SNWKKLVVKIGLL,1
CDKRPVIPC,1
RFTKLSKIR,1
CEPHVVDRC,1
CCFRFKTPN,1
GFRFKIKRKRWR,1
GKFRKIKK,1
CNWKPAILKYL,1
GFPDFIWIKL,1
CLQDVWVA,1
CKKKPYIPPYV,1
KHNKVSKAYQGGI,1
CLDTVVAAYMVGDRGL,1
GILVREKGAVK,1
GLKVKFKKAKIW,1
CKREHWIQC,1
GLLDFIKPAK,1
CVFDVSAPC,1
RKWKVYVA,1
HRNRPFSPKSVM,1
CKFAVWAVCN,1
GKRIKIKRKSKGAPKSWQPY,1
RKYK,1
AKRERSCYSSFWRR,1
RLGKKNKHQPRGIFGAVLCDA,1
GLSYCIKRKFKRWCKN,1
IRRRFKKKAKIWWPKHRG,1
GLGHLKKTAKKWLKI,1
GKRPFKSQKVPW,1
GTITALAACASYELGL,1
RKYLKTNQG,1
CDKDRSVAC,1
RRRRKKIKRKIR,1
CKWRKFWKKYL,1
GLPVKGKGAAKGLREGLHYRYKG,1
SLDTITPYLLGGL,1
GLSKVSQAYAGGLSGLPSAR,1
RKFRLIQTWRAVMKL,1
GRTCLIKTKWIRMKGMAGLKSAFR,1
GWCHAITTCM,1
RKFRKRIIGPWYKKG,1
CEQDVWAAW,1
GLFKKWKRK,1
CKLYFWSPC,1
CKQEHWVY,1
ILDTVTVGAAGGL,1
GLGVKFKGAAKILKIHAAPARVE,1
IKDFKGEHRYPEH,1
ILCDVGAACNGGL,1
CKCDHWAAC,1
LAKIYIDAW,1
GFKPPKSKCS,1
GIPGKLKPMA,1
CLCEVTAYESGGL,1
GLLGVEKRA,1
CKRRRWKKCE,1
KFFRPFEAKIVMVRHLP,1
RLSILFKAAIKYGCGERQ,1
LFRRKFRKKF,1
GLTILLKAAGKGGTGLGGAQLM,1
KDGRKWKKKHI,1
CKKKPRILP,1
RTKKPKKF,1
HFFRVSIKC,1
RFDPPFRLRS,1
KKWKHGVAKIVYM,1
RKIALWAIGIFHN,1
GSPGVRANQMKFV,1
MEMEITQHS,1
CKQKVTAAG,1
YDGVRKSIAPGFLRRKR,1
QRHEPQYNHYLRHFAFD,1
CKQRRWAQCY,1
PCKRFKDICP,1
GLTVVGKHAAGGDHGLLHASSWYDRGP,1
TLYKLIKGE,1
GLHGRGKGAFKHHIGFIY,1
GLGVCIKRTIWY,1
CKKKVSAAY,1
FLPDFLWV,1
GYFRRIGTCVKRWLAKY,1
RKRKHYVQG,1
PGFIPKSICPVQ,1
FFSPPKKKKS,1
RKDFKFKAKII,1
LTNLVIAQWI,1
RKKKPRSIRPI,1
RKKKVSCNR,1
CFKAVYCAC,1
KKRRLFLKKQ,1
CDFAVAWIC,1
CTKEHMDAC,1
CLQHVWAAC,1
CSKKVAAAC,1
GLPVKVKHAAKGEHKGAHQSVSGKSGI,1
HHRRPWYPKY,1
CSQDHPAA,1
RVRKKKKPKFR,1
RLWILFRFGSK,1
GKWVLFAHKVIGGCY,1
LLTIWLKAFGKMP,1
G,1
GLPYKLKK,1
GLPCKIKRWAKRM,1
CFFKPRAPP,1
CKKDVWAAC,1
CEVAVEEFC,1
CEQHVVAYC,1
HFKKPYYRKYL,1
PKRRPKIIRP,1
PKRPPYIPI,1
GLGVLIKGKKHV,1
RKFVVIKKCKIR,1
RKCIVAEFSSGLL,1
GLTVMVLRCIRPKL,1
CEQAHTAYENWRL,1
GKFRKKKRKKIRWKTKA,1
DCLGTDEPRL,1
CHDDVRACP,1
CDW,1
KTFVCSKRAKIYWKGLRGARH,1
CKQDVGVPC,1
RKNEVYENC,1
GLLYLIKRTGKGRWIPAKLG,1
MFNTKYYDPM,1
GKWRKILKKKIRMKKKAEWKC,1
KKSKKLARQRARKFALKA,1
CWRHVHKRWK,1
GKFKLIKRAQKYIGGDAHARY,1
RFRPPKIKRP,1
HVRLKTWLIVR,1
CFKLVWSA,1
KRKKPWKQK,1
ILWLLLAAFII,1
CKFAVWWAC,1
GLKLFVAKW,1
GLLCGIETTGKRMLKKAW,1
GLIFQERRAVKGMKGHRGRDCV,1
RLSLLPKRGGGHYTY,1
DGLGTE,1
KKKKKYKRKIH,1
GLGIQSRRACKGGGIALKLREK,1
KKKEAYFAI,1
KLKRLVAAQRVTIRLLGGT,1
GLRGQLRKAWKGMKWWASYK,1
GILRRIKKKII,1
PKKRFQSICY,1
CFLDHSVQP,1
HDPDFKSPVA,1
RIYKKNKGAKHIWGG,1
PYLPPKSPRL,1
CKKKVWVQC,1
GLIDLLGGTIGK,1
CLTLLSKAYKGGP,1
KFKPVFYNKIW,1
GD,1
GLWKKIKKGMI,1
CKQKKWWQK,1
CDQKLWIAE,1
RKIDAASQC,1
KLILQIGIWHGAK,1
HKQMVYWDC,1
GLFKLSKAY,1
CKKAVSEDC,1
KKKKVWEDC,1
CKQRKHFVGI,1
GLIVVAKVASKIL,1
PRWRFKSKKK,1
CLGDLLKKCKHT,1
GRKRFIKKCKTW,1
GLPVWIKRN,1
PFLRKIIKKPIR,1
RLLYKGKPRMKG,1
GLTHLIKKCKGSL,1
CKDKPRVFK,1
HFYKVQAAP,1
KRKRPKIKP,1
GGGGIKKGAGKWMKKPM,1
AKRMKKYQIYL,1
GLGHIMKRAGKGLWINAAPEY,1
GKTVKIKRRAKRHCGKAALRCK,1
CDKKPVVIG,1
CLCEQGSDPLG,1
GWWTHWKKLW,1
GLFHLSAAWNGGL,1
SDDTVVEHA,1
CVKSPELKRW,1
GCGDFVSICK,1
ALLCVVVQG,1
IVDTVGPHTSGGLSGNKHQR,1
KWRRPKSKCVERMCCK,1
WCGEVPEPGSGKV,1
CDLDVWWAC,1
RTRPPRRRARGYPPGAKN,1
GFPRFKLIKPLR,1
CPCTVVEDCNVHLSD,1
HRRKHSWNC,1
RKTFKKLIRHPFHPGAYKRLAWVKVVQEHV,1
PFVMPYWQKY,1
FLGSQLGFAWKFLAGVFSARA,1
WPCEWTEAG,1
RKRHANQAGM,1
FLKKHAKAD,1
MTGRFKIPRW,1
K,1
CKKRLFTRPI,1
GKFIRKKKVKIRWKGLI,1
GLAVLIKGAWKWMCKGRGLK,1
RKKKQRKLRSKLARWIRG,1
CDKPPWIPRY,1
MWGRFIRINP,1
GLLDCIKRCH,1
RFHDTYVNG,1
CLCAVWAAEVGGL,1
CKFHRWEQC,1
GIGHVGNFGRGGERL,1
FSSEFLFIISNFGVA,1
RKKKKRERK,1
ARRPFSIPRY,1
GLLIKKKKLAKAAPKHAEPSHKRHRI,1
CFKDVVKRN,1
PKKIVKEICSVNYN,1
RARWKCQVDKIYMKWVAGYDY,1
FLCTVGAVTGGLLWG,1
CDLSRDTPCL,1
CVKKLRFRIV,1
HDRPGQHHRY,1
RCKEPRFVRSQ,1
GRLGPKPRWRKW,1
SPKFWFVQGDCT,1
RRRKKKKKKFIWWCRC,1
RRKMFFGNI,1
CDKDVWAPC,1
GLPDIKSPCA,1
QKKIVAADDTWCV,1
GLWDALKYYVGGL,1
GLFTVWEAENGGL,1
RLYEVVAYYNGLVAYDFH,1
RFYKLFKGGPNIRRAHRT,1
GLRKVIKHCA,1
CKVKVWAAGIGLVR,1
IKKIRWKVYKVPEKALF,1
PKRVPKKRKASRHKAK,1
CFKKKWVACI,1
KKKMKKKKKV,1
RKSTPKQISEGYHPGEWL,1
KKIKVWAAC,1
PKRPFKYQK,1
CCKDVPSAC,1
RLGKLWKAGIGYNG,1
RFNTTFKLLQNNARRH,1
KKFKPVSIC,1
CDKDFAKACKM,1
CDQEVVIQP,1
PKRMPREFPS,1
GLFDLSGRAQIGGKGLGLTRYW,1
CKDAVVEDDSVLK,1
FLWRKLKGVWKI,1
KRFRQILTKRIRWCGRRLIR,1
CLQKVAAAYVGG,1
RKCKLGKVASGLNQD,1
GLGFWGKGASKIWHKHSGVV,1
CLFDVWVA,1
RKWKKFENKSN,1
KKFHYWTDCNHYMCHKQA,1
KKKRNKKRNK,1
KKSR,1
LLKHLFKAYKM,1
GLSDVAKAVAGGLGK,1
G,1
PKKRWWSIH,1
KKKRKKLKKQIRHCAHVG,1
GLIVLLKKAVGGLTGLGA,1
KKKRVWKKW,1
CGKTVSLAAQ,1
SFQEHWFQC,1
PFKRPKLPRYPR,1
GAQDLGAAGNHGN,1
KLFKLAKAVKGLL,1
CDQRHWIQC,1
CKKKVWVA,1
KLDKKYKLLRPFKRKKITQS,1
RKRRKFKNK,1
GYWIIDRTLLSGWPIHFKNKQK,1
CKDKVWWDP,1
KHFKVVAAC,1
IKKTPRPPR,1
GLTVRSRRCWVWGKKYGY,1
PKKPFWIPK,1
GLWDVIAKCI,1
RKHKKQIKRPPRPVRC,1
RLRKRKKKRRAI,1
GLPCVIKRAGKYMKKMA,1
GIWRFILKKIS,1
GLAIVVAVCM,1
CDFRVISPP,1
KLKLKYALKIWLI,1
CKKDVWAACKMR,1
CLFKVWAAY,1
CFDTNREDG,1
GLFDVIKKCASGMKGLG,1
WRKRLWIA,1
CGRKWSRKA,1
GLFKKSKKYVEG,1
GLPSILGGAAKGGVC,1
WVL,1
RKKIPQFLIT,1
HPQKVAAAC,1
RKFTPYEPR,1
CKQLVGWKC,1
CLQYVWA,1
CLTKLVKACAIGVLDNR,1
GCRRRLSKCG,1
PKPEKLFYKY,1
KFKRPKILKP,1
RFKKHSAL,1
RKKPPFYPRMPPH,1
